{
    "58293907": {
        "downloads": [
            1771610342.7101483,
            1771610397.0849717
        ],
        "total_count": 20
    }
}